ID,lon,lat,Elev
0011986U3011,-79.54674914,43.60505781,107.9622
0011986U3009,-79.54591632,43.58811365,82.1323
0011986U3008,-79.61314144,43.75366766,177.7424
0011986U3007,-79.54286034,43.59811345,99.9838
0011986U3006,-79.56786093,43.65394637,150.8325
0011986U3005,-79.60036293,43.72783441,158.2561
0011986U3004,-79.60897462,43.74811206,169.6437
0011986U3003,-79.60675224,43.74505652,168.9904
0011986U3002,-79.70870075,43.73200156,208.9397
0011986U3001,-79.67786615,43.75811253,174.2869
0011986U202,-79.54174945,43.59311356,93.8151
0011986U201,-79.54869349,43.61505784,107.4021
0011986U199,-79.56480499,43.6461687,141.5138
0011986U198,-79.57286164,43.67116853,149.9423
0011986U197,-79.57675059,43.67616851,144.68
0011986U195,-79.72370135,43.71811288,212.7776
0011986U194,-79.68981103,43.74811255,193.3519
0011986U193,-79.69592242,43.74311258,192.8946
0011985U3001,-79.77871266,45.02199539,199.4635
0011984U156,-79.59564042,43.71561245,164.4547
0011984U155,-79.59897398,43.72533445,160.3029
0011984U154,-79.60758557,43.74366766,169.9672
0011984U121,-79.70787575,44.37005353,231.6711
0011984U120,-79.71093145,44.38005345,235.9294
0011984U118,-79.67176365,44.41394252,264.3298
0011984U117,-79.64981873,44.42894304,238.3087
0011984U116,-79.61787343,44.44394336,238.6354
0011984U115,-79.44175673,44.56505458,228.9054
0011984U114,-79.44592369,44.58894351,260.6608
0011979U265,-78.93062691,44.72283547,271.3941
0011979U264,-78.93257134,44.73089101,279.6291
0011979U263,-78.940627,44.74089096,285.264
0011979U262,-78.95979427,44.75505766,282.5793
0011979U261,-78.9775728,44.75505774,269.3365
0011979U260,-79.00062943,44.7478356,257.7439
0011979U259,-79.02313052,44.73228009,263.5148
0011979U258,-79.04979819,44.72505786,242.4975
0011979U257,-79.08757735,44.72505778,237.4743
0011979U199,-79.12063413,44.72005768,240.0242
0011979U198,-79.14757959,44.71505756,229.4513
0011979U197,-79.15257986,44.70089085,234.1849
0011979U196,-79.1806367,44.68283534,252.9225
0011979U195,-79.21563807,44.67089061,253.8111
0011979U194,-79.23980573,44.66783477,249.7323
0011979U193,-79.25563964,44.66005675,248.1388
0011979U192,-79.27064018,44.65505667,238.7686
0011979U191,-79.29064055,44.64505611,228.9758
0011979U190,-79.30258534,44.63505609,220.2495
0011979U189,-79.327586,44.6300557,234.3859
0011979U188,-79.35564232,44.61005526,222.0398
0011979U187,-79.41675622,44.61699908,220.2213
0011979U186,-79.42036734,44.60922131,234.2535
0011975U237,-80.08066175,43.42588301,290.2257
0011975U2010,-79.76981252,43.33894274,77.6285
0011975U2009,-79.76981255,43.33783163,76.1387
0011975U2008,-79.76870135,43.33894274,77.5725
0011975U141,-80.20566682,43.4278269,301.5296
0011975U140,-80.20066619,43.39782652,297.8055
0011975U139,-80.1948323,43.38004899,284.5297
0011975U127,-80.18760925,43.37088249,267.7371
0011975U126,-80.15066191,43.34004981,265.138
0011975U118,-80.15760696,43.35782728,276.4246
0011975U117,-80.20983136,43.32504943,261.1136
0011975U110,-79.94481956,43.3528308,258.271
0011975U109,-80.05566069,43.44588313,299.772
0011975U108,-80.04482645,43.43505012,299.9737
0011975U107,-80.02482501,43.42088406,309.3971
0011975U106,-79.99565659,43.40505143,273.0154
0011975U105,-79.97759969,43.39282971,255.2045
0011975U104,-79.96482105,43.3808856,277.8696
0011975U103,-79.95065359,43.37088603,261.9889
0011975U102,-79.93065245,43.35783102,258.6904
0011975U101,-79.92259666,43.35088693,248.7155
0011975U100,-79.90565132,43.33783145,244.4062
0011975U093,-79.98565668,43.43588477,283.7598
0011975U092,-79.97565547,43.42782967,273.2373
0011975U091,-79.95759843,43.41588623,273.9635
0011975U090,-79.96259904,43.40588602,257.1511
0011975U089,-79.98760011,43.38782952,255.8407
0011975U088,-80.06260502,43.42088348,280.3592
0011975U087,-80.12982778,43.34282765,269.4889
0011975U086,-80.11066061,43.34588347,271.5978
0011975U085,-79.99565659,43.40505143,272.3878
0011975U083,-80.14066261,43.38004968,277.0745
0011975U082,-80.1306624,43.38282765,280.6417
0011975U071,-80.09066015,43.35005056,277.2647
0011975U069,-80.08566013,43.3358839,276.2076
0011975U067,-80.08482678,43.33282833,259.6261
0011975U066,-80.06260387,43.33588397,253.186
0011975U065,-80.03260209,43.34088514,256.3349
0011975U064,-80.16483011,43.37588281,278.8386
0011975U063,-80.13066238,43.38088319,270.9652
0011975U062,-80.10760601,43.38588347,272.0079
0011975U061,-80.09066073,43.38782814,271.005
0011975U060,-80.07065977,43.39005063,280.2512
0011975U059,-80.05565926,43.39282864,272.283
0011975U058,-80.04065867,43.39505108,280.0472
0011975U057,-80.03260242,43.37782923,267.1735
0011975U056,-80.0256574,43.36088511,254.7077
0011975U055,-80.02065694,43.34282983,259.013
0011975U054,-80.01565735,43.32588489,255.0338
0011975U046,-79.89759551,43.33783158,239.5401
0011975U045,-79.89481758,43.33005371,231.1852
0011975U044,-79.89481758,43.33005371,230.7822
0011975U035,-80.20483115,43.33088273,266.0363
0011975U034,-80.18483034,43.33504933,255.2197
0011975U033,-80.16566274,43.33782741,261.0238
0011975U032,-80.17760778,43.33588279,257.6281
0011975U031,-80.17760851,43.37282706,272.7504
0011975U030,-80.16066309,43.37088283,269.5118
0011975U029,-80.14982853,43.3358832,262.7826
0011972U410,-79.37064291,44.60505518,225.0482
0011972U409,-79.36980953,44.60283297,223.0291
0011972U407,-79.34981279,44.77005549,223.8162
0011972U314,-80.22984056,44.5008834,177.9127
0011972U313,-80.2356746,44.50588337,179.2425
0011972U312,-80.2498427,44.51588336,178.8299
0011972U311,-80.27067567,44.51782742,180.6458
0011972U310,-80.29262039,44.5208828,181.2167
0011972U308,-80.32262354,44.52504878,181.1104
0011972U307,-80.3398461,44.53504864,180.1028
0011972U306,-80.34762405,44.53588195,182.7784
0011972U305,-80.37484691,44.53504841,181.0648
0011972U304,-80.42068087,44.54588196,178.546
0011971U541,-79.72759883,44.38005342,252.0781
0011971U540,-79.63981937,44.70783177,178.3058
0011971U539,-79.64481955,44.70783177,179.9311
0011971U538,-79.64565291,44.70783177,179.0879
0011971U537,-79.65982013,44.7078318,185.2261
0011971U536,-79.66759911,44.72783159,183.2155
0011971U535,-79.67565558,44.74005359,183.4813
0011971U534,-79.71482423,44.74588685,204.5094
0011971U529,-79.77260496,44.75005326,193.748
0011971U525,-79.81066161,44.74283056,207.2114
0011971U524,-79.81760631,44.74088603,219.1226
0011971U522,-79.84982981,44.73588571,177.9876
0011971U520,-79.88066461,44.74505211,206.2893
0011971U518,-79.8898317,44.75005201,189.4786
0011971U517,-79.88566486,44.75282983,176.9895
0011971U516,-79.92761104,44.7500517,200.0782
0011971U515,-79.93261169,44.76782938,207.4193
0011971U514,-79.9376119,44.77282938,176.9875
0011971U513,-79.934834,44.76782938,202.9416
0011971U512,-79.95066783,44.76088476,180.9068
0011971U511,-79.96483509,44.76088475,227.6793
0011971U510,-79.97983569,44.75282918,238.6112
0011971U509,-79.99566951,44.73782921,231.9276
0011971U508,-79.98566847,44.7208846,230.3116
0011971U507,-79.97066791,44.70588468,234.8169
0011971U506,-79.96983455,44.7058847,235.1861
0011971U505,-79.9498337,44.67782972,225.3346
0011971U504,-79.9398332,44.66782981,220.8797
0011971U503,-79.92760984,44.65505222,233.8804
0011971U502,-79.90760752,44.63588575,214.7188
0011971U501,-79.89566267,44.61588549,204.5106
0011971U212,-79.35064245,44.65005519,223.2863
0011971U205,-79.13257667,44.49783536,230.9327
0011971U204,-79.34258991,44.74783324,221.473
0011971U203,-79.34258991,44.74783324,219.6679
0011971U200,-79.87760647,44.59783004,207.2682
0011971U199,-79.87566197,44.59505232,207.4147
0011971U198,-79.86260576,44.5808857,218.6715
0011971U197,-79.87260619,44.58005242,210.8889
0011971U196,-79.88982885,44.57283009,218.5401
0011971U195,-79.91260747,44.56088567,221.4916
0011971U194,-79.93566388,44.55283012,214.5799
0011971U193,-79.95760921,44.54283015,214.9203
0011971U192,-79.97483217,44.53505241,199.938
0011971U191,-80.00066645,44.52505221,187.3513
0011971U190,-80.09983658,44.46782924,179.716
0011971U189,-80.01566697,44.52282968,181.8424
0011971U188,-80.02261168,44.52005197,179.3183
0011971U187,-80.03483436,44.50782969,181.1724
0011971U186,-80.04761255,44.49782961,180.3946
0011971U184,-80.10761466,44.4658848,182.6652
0011971U183,-80.12261527,44.46588468,183.5917
0011971U182,-80.14261622,44.47588451,181.1238
0011971U181,-80.16567246,44.48782873,182.1365
0011971U180,-80.18067344,44.49588401,181.6403
0011971U179,-80.19761782,44.49782816,188.0894
0011971U178,-80.20761755,44.49588359,184.8917
0011971U177,-80.2248404,44.50282789,178.4527
00119713712C,-79.95983153,44.62005242,229.6601
00119713712B,-79.95983153,44.62005242,230.2174
00119713712A,-79.95983153,44.62005242,230.1502
00119713700C,-79.65759725,44.53005389,405.6683
00119713700B,-79.65759725,44.53005389,405.697
00119713700A,-79.65759725,44.53005389,406.1537
0011969UT149,-79.42479972,43.63283571,88.1827
0011969U733,-79.9848235,43.43782923,285.5894
0011969U732,-79.97760009,43.43005182,273.3884
0011969U728,-79.86481692,43.45588743,179.3987
0011968U526,-80.28567056,43.54504849,338.5469
0011968U524,-80.24983552,43.52088175,327.1837
0011968U504,-79.68565319,44.40783132,265.3267
0011968U502,-79.68481961,44.39088695,236.9023
0011968U501,-79.68981978,44.39088696,232.2013
0011968U500,-79.69759743,44.36088706,252.8044
0011967U853,-79.36980953,44.60283297,223.3436
0011967U852,-79.37064291,44.60505518,225.6735
0011967U1001,-79.06256971,43.85283815,82.4337
0011967U008,-78.95256491,43.87783773,95.8045
0011967U007,-79.08756991,43.83005978,94.7632
0011967U006,-78.9797883,43.87283842,83.0454
0011967U002,-79.07257003,43.84783803,87.0883
0011965U9504,-80.21984025,44.50838343,177.4817
0011965U630,-79.76481377,43.63783451,177.2224
0011965U629,-79.74759059,43.65089011,211.8928
0011965U628,-79.74064588,43.65783461,205.071
0011965U627,-79.69758913,43.7000573,188.7899
0011965U626,-79.64258693,43.74588998,171.3237
0011965U625,-79.67258676,43.55283513,135.5369
0011965U624,-79.62064051,43.58283538,121.0563
0011965U621,-79.66564106,43.51089019,142.1546
0011965U618,-79.69981137,43.69589068,186.4027
0011965U617,-79.7206453,43.6778351,206.923
0011965U616,-79.66758739,43.62005735,185.3871
0011965U614,-79.67980908,43.5258904,161.4297
0011965U613,-79.62758398,43.50783509,97.5502
0011965U611,-79.67758855,43.71589031,178.3348
0011965U610,-79.61064081,43.66283528,158.4828
0011965U607,-79.61758539,43.65783534,155.9924
0011965U606,-79.62758568,43.65589085,149.897
0011965U605,-79.63980844,43.6478352,160.8786
0011965U604,-79.654809,43.64283511,173.8427
0011965U603,-79.57980482,43.5578354,77.8764
0011965U602,-79.66980964,43.6358906,189.5976
0011965U601,-79.68258794,43.63089062,191.713
0011965U600,-79.69981082,43.62505723,189.3727
0011965U598,-79.72981219,43.61283489,167.3392
0011965U597,-79.77481434,43.62588986,182.1979
0011965U596,-79.74564636,43.60589027,193.908
0011965U595,-79.73564585,43.6108904,172.6669
0011965U594,-79.69758799,43.56783519,143.0971
0011965U593,-79.6598075,43.50589015,137.1614
0011965U592,-79.57980576,43.61283566,115.2816
0011965U591,-79.60258438,43.59283555,119.6919
0011965U590,-79.67064156,43.51505698,148.5745
0011965U589,-79.6006386,43.53783507,77.3784
0011965U588,-79.7656473,43.62089002,185.6298
0011965U587,-79.72981231,43.59505704,167.7901
0011965U586,-79.72258975,43.59005705,166.2041
0011965U585,-79.71258906,43.58089056,162.6685
0011965U584,-79.7106445,43.58005723,161.5547
0011965U583,-79.71064441,43.5758906,153.7953
0011965U582,-79.76481377,43.63783451,173.2816
0011965U581,-79.76064676,43.64505671,186.5112
0011965U580,-79.7506463,43.64783454,208.0448
0011965U579,-79.73759005,43.66089026,210.0943
0011965U578,-79.73258967,43.665057,212.4496
0011965U577,-79.71758906,43.65589057,207.2935
0011965U576,-79.71064462,43.6500572,205.03
0011965U575,-79.7056444,43.64589045,203.3633
0011965U574,-79.69981098,43.64089046,200.4478
0011965U573,-79.69064405,43.63505729,202.205
0011965U571,-79.66758741,43.61783515,184.1125
0011965U570,-79.66064271,43.61283526,177.3831
0011965U567,-79.68064428,43.71283478,183.7841
0011965U566,-79.67758856,43.71505698,181.3099
0011965U565,-79.66481016,43.73005688,171.092
0011965U564,-79.65758756,43.73589012,175.8358
0011965U563,-79.6475871,43.74505666,174.3013
0011965U561,-79.62758514,43.57283536,116.0502
0011965U560,-79.63564098,43.56283535,132.2982
0011965U558,-79.66480862,43.5400573,131.1257
0011965U557,-79.60980536,43.53089048,93.0925
0011965U556,-79.63258404,43.48783507,91.8594
0011965U555,-79.62758395,43.5150572,96.717
0011965U554,-79.54563845,43.59005807,81.0937
0011965U552,-79.62564082,43.58589093,135.0647
0011965U550,-79.60564012,43.59589114,126.3315
0011965U549,-79.57063786,43.56283558,80.7689
0011965U548,-79.57758343,43.61589122,121.3733
0011965U546,-79.58980534,43.56089093,87.1667
0011965U545,-79.64480798,43.5578353,127.582
0011965U544,-79.6498081,43.55089079,127.4531
0011965U543,-79.66258635,43.54589066,107.7582
0011965U542,-79.66564202,43.54783509,129.4345
0011965U541,-79.6825872,43.55783527,139.6434
0011965U540,-79.61063999,43.575891,106.2731
0011965U538,-79.6256394,43.51783494,96.4192
0011965U537,-79.66758646,43.53589059,140.7326
0011965U536,-79.65258597,43.5458907,120.8307
0011965U535,-79.56758293,43.62505791,117.4325
0011965U533,-79.61758477,43.5778354,111.8984
0011965U128,-79.89481759,43.33588712,226.5058
0011965U127,-79.87759489,43.34588729,244.0238
0011965U126,-79.83259301,43.34783172,132.5249
0011965U125,-79.81064792,43.33505419,92.1839
0011965U124,-79.80759219,43.33005423,90.3081
0011965U123,-79.79981419,43.32588754,86.0129
0011965U122,-79.74981067,43.3900541,105.8267
0011965U121,-79.78259077,43.36005406,102.3169
0011965U120,-79.85564922,43.36283158,210.0944
0011965U117,-79.82259271,43.34283183,103.8378
0011965U015,-79.6748078,43.48783415,124.2562
0011965U014,-79.75064535,43.46088853,150.415
0011965U010,-79.6806424,43.52283477,160.347
0011965U009,-79.66064184,43.54505733,105.0082
0011965U008,-79.7556468,43.61283457,184.7143
0011965U007,-79.72258895,43.65783489,207.8893
0011965U006,-79.69564465,43.70005727,188.2524
0011965U005,-79.66758811,43.7250569,180.0258
0011965U004,-79.73258967,43.66589033,212.2792
00119653185A,-79.67119766,43.53227943,151.0023
00119643010B,-79.71481056,43.52283473,181.1776
00119643010A,-79.71481056,43.52283473,181.1956
00119643008A,-79.90176223,43.32394249,235.5101
0011963U3485,-79.78564688,43.32894293,83.2666
0011963U3484,-79.77064587,43.34005386,77.468
0011963U3483,-79.73258795,43.37005377,82.3865
0011963U3482,-79.71758723,43.37588711,80.3368
0011963U3481,-79.71064165,43.39505468,82.6646
0011963U3479,-79.68564063,43.42783354,85.3595
0011963U3478,-79.67980742,43.44005581,85.1927
0011963U3476,-79.65064007,43.46283428,79.5553
0011963U3475,-79.63563972,43.4758904,84.0604
0011963U3474,-79.61258319,43.49783503,83.542
0011963U3473,-79.62758395,43.5150572,96.8937
0011963U3472,-79.61758339,43.5228349,83.1429
0011963U3471,-79.59480529,43.54589074,83.2553
0011963U3470,-79.5856384,43.5508908,77.7672
0011963U3469,-79.55758297,43.57783582,84.204
0011963U123,-79.3148108,44.74283372,219.4877
0011963U122,-79.54063821,43.59505795,96.656
0011961U9503,-80.20983986,44.50782792,177.6562
0011961U9502,-80.20983986,44.50782792,177.9016
0011961U432,-79.16980024,44.4708911,220.5684
0011961U430,-79.27980844,44.7128343,223.2251
0011961U429,-79.32981155,44.74283346,219.1738
0011961U428,-79.33064494,44.74783343,219.9212
0011961U427,-79.34481227,44.75283325,219.9319
0011961U426,-79.34481221,44.74783322,219.4631
0011961U425,-79.33064522,44.76088878,219.6795
0011961U423,-79.34981279,44.77005549,219.4451
0011961U3401,-79.71982516,44.80283109,181.7051
0011961U3400,-79.72065854,44.79588668,183.5612
0011961U3399,-79.70260213,44.78783122,185.2607
0011961U3398,-79.69065701,44.77283127,183.2448
0011961U3396,-79.69982338,44.74588685,182.2825
0011961U3395,-79.67760008,44.73783139,190.1503
0011961U3383,-79.40481525,44.79505565,214.5602
0011961U3382,-79.3706468,44.76783333,216.5932
0011961U3381,-79.3148108,44.74283372,220.355
0011961U3380,-79.32758923,44.74505572,219.557
0011961U3379,-79.33064494,44.74783343,220.1636
0011961U3378,-79.32981155,44.74283346,218.9249
0011961U3376,-79.28064188,44.7150565,225.2559
0011961U3375,-79.31258839,44.72783397,219.9356
0011961U3374,-79.31481071,44.72588953,219.4639
0011961U3372,-79.34981066,44.67588783,220.8541
0011961U3369,-79.39758846,44.60505487,221.3932
0011961U3368,-79.80482176,44.04005366,235.8324
0011961U3367,-79.79759958,44.07783133,227.9788
0011961U3366,-79.7656533,44.08283219,228.4281
0011961U3365,-79.752597,44.08588844,228.6426
0011961U3364,-79.73259611,44.09283318,220.2202
0011961U3363,-79.7056505,44.09588861,226.6405
0011961U3362,-79.6817607,44.10283293,250.5103
0011961U3361,-79.6625931,44.09505516,244.3083
0011961U3360,-79.62981405,44.10005514,248.1
0011961U3359,-79.61064666,44.1050551,239.0438
0011961U3355,-79.5106422,44.10505595,223.9897
0011961U3351,-79.46064169,44.17783373,223.4225
0011961U3350,-79.46480834,44.19505587,241.3561
0011961U3349,-79.46564172,44.21088918,232.8987
0011961U3348,-79.46480914,44.23005599,220.7649
0011961U3346,-79.36758456,44.3300568,219.6351
0011960UT99,-79.38063426,43.72783495,146.8467
0011960UT97,-79.41063511,43.72089012,172.7428
0011960UT93,-79.45480272,43.71283476,180.1356
0011960UT92,-79.46480299,43.71089022,185.8925
0011960UT88,-79.47980353,43.7128344,168.8531
0011960UT79,-79.4698039,43.78589011,189.0198
0011960UT7,-79.172574,43.83783704,156.4699
0011960UT66,-79.26479672,43.73089124,168.7985
0011960UT64,-79.27479808,43.76783554,162.0073
0011960UT61,-79.18562814,43.77005889,125.4151
0011960UT57,-79.14562643,43.76589255,88.3598
0011960UT56,-79.18062772,43.75783665,119.1874
0011960UT55,-79.20062835,43.75505856,142.9807
0011960UT52,-79.23257207,43.72283498,181.5329
0011960UT5,-79.17979633,43.83005924,131.1201
0011960UT49,-79.26979634,43.69505786,142.7884
0011960UT48,-79.29563056,43.69089116,128.1617
0011960UT43,-79.29757526,43.71283561,143.5267
0011960UT42,-79.30063098,43.72089113,160.3642
0011960UT4,-79.17979626,43.82783702,148.4114
0011960UT39,-79.31063189,43.74505753,167.3231
0011960UT32,-79.21563071,43.82005855,156.9247
0011960UT31,-79.20257497,43.83005891,150.3708
0011960UT28,-79.18562863,43.79589202,133.8459
0011960UT27,-79.195629,43.7958919,145.4481
0011960UT251,-79.40257955,43.74005689,126.6439
0011960UT247,-79.47063726,43.79283451,182.9089
0011960UT243,-79.35480261,43.85089122,184.8871
0011960UT241,-79.46480176,43.6358909,83.2571
0011960UT240,-79.54480388,43.66505609,141.9573
0011960UT236,-79.52758045,43.64283444,122.5284
0011960UT230,-79.48980232,43.66283446,120.6631
0011960UT229,-79.48480331,43.65089004,114.1562
0011960UT228,-79.48063633,43.645057,87.7587
0011960UT223,-79.51758083,43.62005723,106.5825
0011960UT218,-79.49757984,43.61505736,92.6339
0011960UT215,-79.51980395,43.60394641,97.6235
0011960UT214,-79.52563763,43.60089098,96.8927
0011960UT213,-79.54563856,43.58783587,81.8392
0011960UT211,-79.54758248,43.60783558,108.9627
0011960UT206,-79.56063908,43.72783404,144.8629
0011960UT205,-79.55758308,43.72005615,139.4133
0011960UT2,-79.17062861,43.81005905,128.3849
0011960UT196,-79.49980376,43.70283403,126.2695
0011960UT190,-79.53980382,43.67783327,154.7345
0011960UT172,-79.33257646,43.68283531,118.6735
0011960UT170,-79.3175758,43.70005755,122.4589
0011960UT169,-79.30979774,43.70505768,124.4844
0011960UT167,-79.34063217,43.72283532,134.8513
0011960UT164,-79.36563316,43.69505733,125.127
0011960UT163,-79.36257745,43.68283518,79.8663
0011960UT162,-79.36257745,43.67505738,77.4585
0011960UT161,-79.35563266,43.6628352,76.6501
0011960UT159,-79.31063104,43.68089105,120.1037
0011960UT157,-79.32979823,43.65783546,76.461
0011960UT150,-79.43757802,43.63505787,79.0391
0011960UT148,-79.42757788,43.64089113,88.3627
0011960UT146,-79.39480042,43.66783524,114.3368
0011960UT145,-79.39757848,43.67589073,120.3122
0011960UT144,-79.40563429,43.67505738,124.6486
0011960UT14,-79.29563406,43.82589075,198.596
0011960UT139,-79.44980193,43.65589071,109.5438
0011960UT137,-79.48758052,43.68589,124.0569
0011960UT136,-79.475636,43.69005696,126.2615
0011960UT134,-79.44980182,43.69505717,168.9537
0011960UT129,-79.38980097,43.71089025,158.837
0011960UT128,-79.37757829,43.71283491,158.2429
0011960UT126,-79.40480178,43.73283457,168.9757
0011960UT123,-79.41257987,43.78005689,194.0998
0011960UT122,-79.39480189,43.78505727,178.6029
0011960UT121,-79.39257993,43.79589071,165.0872
0011960UT118,-79.44258107,43.77005679,188.9146
0011960UT117,-79.43980326,43.76089013,157.1746
0011960UT115,-79.4325802,43.73589019,182.7046
0011960UT114,-79.47063696,43.72505663,181.0859
0011960UT105,-79.32479887,43.74089087,131.9422
0011960UT104,-79.32979898,43.74005754,117.9668
0011960UT103,-79.34257716,43.7358909,141.6591
0011960UT101,-79.36480026,43.73283511,146.3992
0011960U9511,-79.16980024,44.4708911,221.0458
0011960U9510,-79.16980024,44.4708911,221.0414
0011960U9509,-79.16980024,44.4708911,220.5701
0011960U538,-79.13979917,44.4928354,226.5886
0011960U537,-79.13257667,44.49783536,230.8698
0011960U536,-79.12063175,44.50783535,235.1677
0011960U535,-79.09257492,44.51589122,241.5781
0011960U534,-78.96979259,44.58005814,259.5668
0011960U533,-78.96757029,44.58005813,256.2247
0011960U3199,-79.13979917,44.4928354,226.6118
0011960U3195,-79.12063175,44.50783535,227.4494
0011960U3194,-79.09257492,44.51589122,241.4958
0011960U3191,-79.05479557,44.53089125,252.4617
0011960U3188,-78.98479316,44.57283604,273.0701
0011960U3187,-78.96757029,44.58005813,258.1966
0011960U3186,-78.93756934,44.59283583,256.5779
0011960U3184,-78.93062446,44.58005785,271.3642
0011959U9510,-80.2126177,44.50282796,177.7457
0011959U9509,-80.2126177,44.50282796,177.0367
0011954U717F,-80.2126177,44.50282796,177.3335
0011954U716F,-80.21483992,44.48782808,188.9079
0011954U715F,-80.18761551,44.36505085,411.7787
0011954U714F,-80.21261625,44.36088427,480.1136
0011954U713F,-80.24261709,44.35505101,509.0203
0011954U712F,-80.25067285,44.34588438,495.5611
0011954U708F,-80.39984499,44.31005001,480.074
0011954U615F,-80.42178723,43.5817147,346.8139
0011954U614F,-80.36567381,43.57782588,346.1212
0011954U613F,-80.34067279,43.55588149,341.5749
0011954U610F,-80.24483487,43.54588192,325.288
0011954U609F,-80.23066799,43.55588209,323.6825
0011954U608F,-80.19761145,43.57504908,331.6317
0011954U606F,-80.14260945,43.62504934,359.1537
0011954U605F,-80.14066492,43.62504934,359.1444
0011954U603F,-80.04066051,43.63505161,350.3781
0011954U602F,-80.01260343,43.6278301,326.9892
0011954U601F,-79.97982382,43.63588672,307.3481
0011954U600F,-79.96482323,43.64283176,292.3202
0011954U598F,-79.91982107,43.65588811,258.3351
0011954U594F,-79.81759317,43.67783442,246.8845
0011954U591F,-79.75481318,43.69005716,214.1181
0011954U589F,-79.64480925,43.70505695,169.4762
0011954U583F,-79.46480244,43.66505718,118.0078
0011954U581F,-79.4256332,43.63005791,78.882
0011954U009,-79.45257922,43.6400576,76.9861
0011951U519,-79.90983233,44.7408852,245.2197
0011931U505S,-79.45980674,44.0550564,247.5033
0011931U500S,-79.45564171,44.15505611,235.5108
0011931U497S,-79.47064308,44.24588939,241.4332
0011931U486S,-79.4098022,43.75505718,174.9246
0011931U484S,-79.4248033,43.81588981,175.4448
0011931U483S,-79.42758199,43.82588967,190.1333
0011931U482S,-79.43758447,43.8728347,243.5175
0011931U480S,-79.44258489,43.90005721,254.3619
0011931U478S,-79.4548083,43.9478356,301.758
0011931U476S,-79.46564233,43.99505738,264.4405
0011931U475S,-79.46564217,43.99783511,263.8229
0011931U474S,-79.47758626,44.01089032,261.7335
0011931U471S,-79.49258585,44.09505602,224.4558
0011931U463S,-79.60259292,44.25505434,294.0415
0011931U461S,-79.61981627,44.32588756,270.2414
0011931U460S,-79.62759469,44.34783186,263.1141
0011931U459S,-79.65481801,44.36588725,241.8419
0011931U458S,-79.68981954,44.37505366,223.8735
0011931U455S,-79.69676443,44.38894247,228.7352
0011931U452S,-79.67565261,44.39088703,222.7225
0011931U448S,-79.58259462,44.45783237,284.6898
0011931U447S,-79.56481611,44.46505463,290.2379
0011931U446S,-79.51870353,44.48394349,281.0986
0011931U442S,-79.42758959,44.58005459,238.9544
0011931U2000,-79.66980719,43.44505611,86.8857
0011931U1999,-79.66980726,43.44783392,89.9749
0011931U004,-79.42258049,43.81089004,174.5477
0011930U424S,-79.27980307,44.31589104,223.7334
0011930U421S,-79.20757761,44.31505744,229.6347
0011930U420S,-79.19757719,44.31505745,225.7415
0011930U406S,-79.06562516,44.26089195,274.6765
0011930U403S,-79.12757649,44.50505755,231.669
0011930U402S,-79.15257754,44.49783533,224.6678
0011930U401S,-79.14979951,44.48283544,222.3942
0011930U396S,-79.1497986,44.42783585,246.8316
0011930U390S,-79.07062762,44.34505813,263.367
0011930U296S,-79.03479768,44.72283563,258.4618
0011930U295S,-79.10563355,44.72505773,235.0622
0011930U293S,-79.16480259,44.69505757,252.2595
0011930U292S,-79.19980413,44.67783525,250.7725
0011930U288S,-79.35064232,44.62505526,222.3152
0011930U280S,-79.33064526,44.76283322,221.8042
0011930U017,-79.14979954,44.48589098,219.9317
0011930U008,-79.13257903,44.71589096,233.4554
0011930U007,-79.06757658,44.73005783,246.6498
0011928U137R,-79.93761189,44.77088493,179.1879
0011928U136R,-79.93261169,44.77005161,198.5351
0011928U133R,-79.89566527,44.75505196,181.711
0011928U131R,-79.95233392,44.68449633,228.8469
0011928U129R,-79.88066216,44.60005221,210.807
0011928U128R,-79.86482806,44.58588571,220.831
0011928U127R,-79.86760595,44.58588572,219.0052
0011928U123R,-80.10567013,44.4658848,183.2424
0011928U119R,-80.39484734,44.53588147,185.9898
0011927U1702,-80.25261307,43.54588183,328.8535
0011927U1695,-79.42370084,44.6089435,240.9098
0011926U1671,-80.21261771,44.50505016,176.0091
0011926U1669,-80.21761787,44.50088352,180.0833
0011926U1668,-80.22261805,44.48005031,188.4278
0011926U1667,-80.22484096,44.46088385,216.1796
0011926U1666,-80.2126185,44.42782837,245.1767
0011926U1665,-80.18261605,44.40005071,298.4062
0011926U1664,-80.16983753,44.38588425,298.2924
0011926U1663,-80.15483681,44.35588429,316.4988
0011926U1661,-80.10983575,44.32699584,262.5253
0011926U1660,-80.10483562,44.32782924,258.7643
0011926U1659,-80.03677761,44.30005199,222.1101
0011926U1658,-80.01983275,44.30088565,224.6853
0011926U1657,-80.01761047,44.30199683,224.73
0011926U1656,-79.98260809,44.26588659,226.6489
0011926U1653,-79.93982737,44.1928314,243.5646
0011926U1652,-79.860658,44.14505372,220.1328
0011926U1650,-79.87260291,44.15005366,222.0269
0011926U006,-79.92260468,44.17088695,230.1806
0011926U001,-80.2126177,44.50282796,178.5143
0011925U1582,-78.93756941,44.59589144,254.7798
0011925U1581,-78.9356249,44.59589143,256.0281
0011925U1579,-78.96979259,44.58005814,263.588
0011925U1578,-78.97757077,44.56283599,268.305
0011925U1577,-79.00257165,44.56089164,283.2724
0011925U1575,-79.01562738,44.48505772,259.8615
0011922U2421,-79.69064056,43.42005555,81.4219
0011922U2420,-79.69980728,43.40505542,78.5156
0011922U2417,-79.75258923,43.35505385,79.1824
0011921U2397,-78.99756689,43.8678385,88.807
0011921U2360,-79.40063299,43.63089103,75.8379
0011919U289G,-79.88566487,44.75005206,197.7603
0011919U288G,-79.88566487,44.75005206,192.5434
0011919U287G,-79.85760808,44.74588559,181.749
0011919U284G,-79.8026058,44.74588624,177.9969
0011919U282G,-79.7648266,44.72505333,202.7684
0011919U281G,-79.72065761,44.72783141,187.8736
0011919U279G,-79.64481957,44.71005398,179.9424
0011919U278G,-79.64065275,44.7108873,183.2937
0011919U276G,-79.5898177,44.71005359,189.8604
0011919U275G,-79.50481542,44.69283027,205.0705
0011919U274G,-79.47564819,44.68005424,205.4688
0011919U273G,-79.41564565,44.65505455,225.5027
0011919U271G,-79.41758938,44.60588802,232.7408
0011919U269G,-79.36758721,44.60588853,221.4037
0011919U267G,-79.26758366,44.58283428,221.0094
0011919U265G,-79.16563421,44.53283505,231.5766
0011919U264G,-79.11979837,44.50589093,232.4853
0011919U262G,-79.0306277,44.48005763,257.5945
0011919U261G,-79.00562709,44.48589106,260.5982
0011919U260G,-78.93979199,44.48089129,269.8551
0011919U259G,-78.92756757,44.44283638,286.7348
0011918U925,-78.94978717,43.89589362,109.1113
0011918U239G,-79.47258002,43.68005699,120.6317
0011918U236G,-79.40563429,43.67505738,122.4436
0011918U235G,-79.39063384,43.68005737,121.2619
0011918U233G,-79.34757668,43.71283529,124.5363
0011918U230G,-79.2806319,43.78005772,172.0677
0011918U227G,-79.21757596,43.8578367,171.9656
0011918U224G,-79.1725735,43.94006001,221.8042
0011918U223G,-79.15479473,43.96505999,246.4399
0011917305C,-79.98261391,44.76699576,323.299
0011917305B,-79.98066936,44.76588466,323.5133
0011917305A,-79.98066936,44.76588466,324.6885
0011916U93F,-80.37483961,43.49282597,326.2071
0011916U91F,-80.24566822,43.54504859,323.8215
0011916U90F,-80.24566822,43.54504859,325.7691
0011916U89F,-80.26483612,43.53588177,327.8258
0011916U87F,-80.29483664,43.48004785,307.0194
0011916U86F,-80.30483689,43.43004822,298.4397
0011916U132F,-80.04983094,43.88282959,403.7977
0011916U131F,-80.06677551,43.86699615,395.7053
0011916U130F,-80.02760786,43.81782924,390.7855
0011916U129F,-80.08761061,43.77782862,394.9274
0011916U128F,-80.14566837,43.78588385,436.6094
0011916U126F,-80.27983957,43.79504924,454.0415
0011916U120F,-80.38761987,43.70504885,414.8277
0011916U119F,-80.37984181,43.7050488,398.9097
0011916U118F,-80.39984273,43.690049,396.1297
0011916U116F,-80.38484211,43.62504805,355.0053
0011916U115F,-80.29567091,43.56504848,338.596
0011912U402,-79.61065404,44.81283098,191.2179
0011912U401,-79.61759792,44.77283109,181.584
0011912U399A,-79.63981939,44.7108873,182.4898
0011912U399,-79.6256527,44.68005383,195.1602
0011912U397,-79.60759727,44.60783127,220.2245
0011912U396,-79.65982095,44.60505388,217.5018
0011912U395,-79.66259848,44.58588702,229.0926
0011912U392,-79.74065598,44.53505303,252.1008
0011912U391,-79.72982186,44.48783158,224.274
0011912U388,-79.80065745,44.41005331,228.6101
0011912U382,-79.86565814,44.15588704,219.9125
0011912U379,-79.80565492,44.06088684,233.955
0011912U377A,-79.8048218,44.02283169,257.1627
0011912U377,-79.79982071,43.99005418,270.8179
0011911U273A,-80.34567708,44.1508825,507.0571
0011910U268,-80.13983501,43.9150508,479.505
0011910U264,-79.96760474,43.86505253,413.073
0011910U261,-79.81259673,43.85088967,279.8507
0011910U260,-79.7606498,43.87005643,261.1387
0011910U259,-79.70259097,43.86283504,235.4992
0011910U258,-79.64981079,43.83783516,206.6987
0011910U194,-79.71564188,43.42283276,101.5682
0011910U188A,-79.39063361,43.66089079,108.8191
0011910U181,-79.09562574,43.82505969,85.4877
0011910U180,-78.96256531,43.86505945,79.3138
0011910U002,-79.04979143,43.84506016,88.9907
0011908U1229,-79.24758268,44.57589019,223.2398
0011906U727,-79.34481139,44.6958884,230.9215
0011906U722,-79.33759022,44.77505542,218.4593
0011906U700,-79.88566487,44.75088539,181.6063
0011906U688,-79.41564497,44.61283245,222.2868
0011906U687,-79.34258812,44.67588881,221.8709
0011905U669,-80.2126177,44.50282796,177.7328
0011905U659,-79.86760374,44.3228306,191.1312
0011905U658,-79.84982531,44.32783069,194.4876
0011905U657,-79.7848231,44.34588675,222.7127
0011905U639,-79.45758446,44.05505639,236.3263
0011905U621A,-79.46063556,43.66589057,119.9026
119713847,-79.66231814,44.34060959,250.0184
119713846,-79.66676277,44.33977627,267.1271
119713712,-79.96066489,44.62005242,230.3923
119693622,-79.9517648,43.41449744,271.6077
119693605,-79.85648337,43.46672082,181.97
119693604,-79.84203824,43.45699871,179.2593
119673113,-79.73093215,44.36560903,235.7639
119673106,-79.66648513,44.35755403,252.8825
119663698,-80.2331686,43.58449308,350.2375
119663697,-80.23677985,43.58171527,355.7141
119663693,-80.28289261,43.5700485,355.7466
119663677,-80.24705794,43.57171509,352.447
119663675,-80.2478913,43.56921508,347.8667
119663674,-80.24872466,43.56643729,354.5578
119663673,-80.24955749,43.55338181,345.3734
119663672,-80.25066846,43.54754848,328.3836
119663665,-80.24844614,43.54560408,324.9033
119653568,-80.19705309,43.32254944,257.1043
119653566,-80.22038729,43.3289382,259.2438
119653540,-80.15316302,43.37810511,275.1409
119653536,-80.11705083,43.3836611,278.0656
119653523,-80.20538899,43.42643799,303.7953
119653521,-80.20094425,43.41532676,304.2839
119653518,-80.19594388,43.40282647,305.3022
119653514,-80.19761036,43.38921553,287.6945
119653508,-80.16371897,43.37616059,274.2171
119653504,-80.1553845,43.35032741,267.442
119653499,-80.14593948,43.3236611,262.7786
119653419,-80.03926982,43.40088434,287.4125
119653230,-79.59230553,43.56283541,90.4196
119653229,-79.58508284,43.55783533,85.1038
119653220,-79.62230592,43.51783493,96.8367
119653207,-79.56563841,43.62644679,114.5498
119653206,-79.57063866,43.62116902,121.5434
119653203,-79.58452816,43.60839121,118.9684
119653202,-79.59286186,43.6008911,122.3194
119653196,-79.60313995,43.59200221,128.5718
119653195,-79.61675141,43.57977984,111.6857
119653194,-79.62925185,43.56922426,133.7495
119653191,-79.63619656,43.56283535,131.5818
119653188,-79.64758584,43.55339081,125.9651
119653187,-79.65064145,43.54783519,122.6621
119653151,-79.69980727,43.40588875,82.2208
119653150,-79.69841832,43.40477767,78.9421
119653149,-79.69397362,43.407,77.1852
119653148,-79.69119573,43.40505559,78.2442
119653142,-79.64564025,43.49672389,102.4928
119653141,-79.62980616,43.48477949,87.686
119653140,-79.62730606,43.48366836,81.578
119653139,-79.63008397,43.48089057,85.1412
119653138,-79.64730664,43.46505656,83.4448
119653137,-79.65897364,43.45422325,83.3243
119653128,-79.71147494,43.41449944,95.1978
119653127,-79.70591892,43.41061067,89.8665
119653114,-79.67758678,43.52644597,160.3469
119653094,-79.8603718,43.35977614,250.9849
119653072,-79.72730997,43.3675537,79.5294
119653069,-79.73758796,43.38199845,90.7389
119643697,-79.72453137,43.42422162,108.5435
119643696,-79.73536551,43.43227707,133.9485
119643695,-79.74175511,43.43672156,140.1835
119643694,-79.74869995,43.43227696,139.9527
119643693,-79.75758931,43.42366567,130.4581
119643671,-79.75231079,43.39949862,122.6324
119643670,-79.74425466,43.40672117,121.509
119643668,-79.70897533,43.43866645,117.3856
119633641,-79.59925046,43.56839108,102.9669
119633621,-79.74564637,43.60561249,193.8605
119633620,-79.73064558,43.61172377,175.6091
119633618,-79.69925526,43.62394612,196.0246
119633617,-79.66869849,43.63589061,197.5793
119633610,-79.67147412,43.47338977,108.2097
119633607,-79.71064352,43.48172277,162.5063
119633600,-79.68369912,43.62977951,199.3702
119613290,-79.69175132,43.40394447,79.7084
119603006,-79.74675752,43.60589026,194.8566
119353339,-79.62758385,43.48283502,82.0403
119273717,-79.74482551,44.72783136,179.6439
119273716,-79.00868544,44.74089119,275.0508
11917305,-79.98233612,44.76727354,323.1585
